Customer_name,Area
Muhammed MacIntyre,Nunavut
Barry French,Nunavut
Barry French,Nunavut
Clay Rozendal,Nunavut
Carlos Soltero,Nunavut
Carlos Soltero,Nunavut
Carl Jackson,Nunavut
Carl Jackson,Nunavut
Monica Federle,Nunavut
Dorothy Badders,Nunavut
Neola Schneider,Nunavut
Neola Schneider,Nunavut
Carlos Daly,Nunavut
Carlos Daly,Nunavut
Claudia Miner,Nunavut
Neola Schneider,Nunavut
Allen Rosenblatt,Nunavut
Sylvia Foulston,Nunavut
Sylvia Foulston,Nunavut
Jim Radford,Nunavut
Jim Radford,Nunavut
Carlos Soltero,Nunavut
Carlos Soltero,Nunavut
Carl Ludwig,Nunavut
Carl Ludwig,Nunavut
Don Miller,Nunavut
Annie Cyprus,Nunavut
Carl Ludwig,Nunavut
Carlos Soltero,Nunavut
Grant Carroll,Nunavut
Don Miller,Nunavut
Don Miller,Nunavut
Alan Barnes,Nunavut
Alan Barnes,Nunavut
Jack Garza,Nunavut
Julia West,Nunavut
Eugene Barchas,Nunavut
Eugene Barchas,Nunavut
Eugene Barchas,Nunavut
Edward Hooks,Nunavut
Brad Eason,Nunavut
Nicole Hansen,Nunavut
Dorothy Wardle,Nunavut
Aaron Bergman,Nunavut
Jim Radford,Nunavut
Annie Cyprus,Nunavut
Annie Cyprus,Nunavut
Annie Cyprus,Nunavut
Annie Cyprus,Nunavut
Annie Cyprus,Nunavut
Clay Rozendal,Nunavut
Don Jones,Nunavut
Beth Thompson,Nunavut
Frank Price,Nunavut
Michelle Lonsdale,Nunavut
Ann Chong,Nunavut
Ann Chong,Nunavut
Joy Bell,Nunavut
Joy Bell,Nunavut
Skye Norling,Nunavut
Barry Weirich,Nunavut
Grant Carroll,Nunavut
Grant Carroll,Nunavut
Adrian Hane,Nunavut
Skye Norling,Nunavut
Skye Norling,Nunavut
Ralph Knight,Nunavut
Dorothy Wardle,Nunavut
Dorothy Wardle,Nunavut
Dorothy Wardle,Nunavut
Grant Carroll,Nunavut
Barry Weirich,Nunavut
Beth Paige,Nunavut
Sylvia Foulston,Nunavut
Nicole Hansen,Nunavut
Nicole Hansen,Nunavut
Nicole Hansen,Nunavut
Beth Paige,Nunavut
Beth Paige,Northwe
Beth Paige,Northwe
Beth Paige,Northwe
Beth Paige,Northwe
Sylvia Foulston,Northwe
Bryan Davis,Northwe
Joy Bell,Northwe
Joy Bell,Northwe
Joy Bell,Northwe
Alan Barnes,Northwe
Grant Carroll,Northwe
Grant Carroll,Northwe
Grant Carroll,Northwe
Delfina Latchford,Northwe
Don Jones,Northwe
Doug Bickford,Northwe
Doug Bickford,Northwe
Doug Bickford,Northwe
Jamie Kunitz,Northwe
Anthony Johnson,Northwe
Ralph Knight,Northwe
Allen Rosenblatt,Northwe
Barry Weirich,Northwe
Doug Bickford,Northwe
Carl Jackson,Northwe
Brendan Dodson,Northwe
Edward Hooks,Northwe
Jamie Kunitz,Northwe
Jamie Kunitz,Northwe
Michelle Lonsdale,Northwe
Michelle Lonsdale,Northwe
Brendan Dodson,Northwe
Hunter Glantz,Northwe
Sylvia Foulston,Northwe
Eugene Barchas,Northwe
Jim Radford,Northwe
Carlos Soltero,Northwe
Carlos Soltero,Northwe
Carlos Soltero,Northwe
Carlos Soltero,Northwe
Jim Radford,Northwe
Jim Radford,Northwe
Grant Carroll,Northwe
Skye Norling,Northwe
Doug Bickford,Northwe
Grant Carroll,Northwe
Muhammed MacIntyre,Northwe
Muhammed MacIntyre,Northwe
Muhammed MacIntyre,Northwe
Doug Bickford,Northwe
Doug Bickford,Northwe
Beth Thompson,Northwe
Ralph Knight,Northwe
Carl Jackson,Northwe
Carl Jackson,Northwe
Dorothy Badders,Northwe
Dorothy Badders,Northwe
Dorothy Badders,Northwe
Delfina Latchford,Northwe
Julia West,Northwe
Julia West,Northwe
Brad Eason,Northwe
Thomas Seio,Northwe
Thomas Seio,Northwe
Thomas Seio,Northwe
Monica Federle,Northwe
Monica Federle,Northwe
Michelle Lonsdale,Northwe
Frank Price,Northwe
Frank Price,Northwe
Bryan Davis,Northwe
Don Jones,Northwe
Carlos Soltero,Northwe
Carlos Soltero,Northwe
Nicole Hansen,Northwe
Nicole Hansen,Northwe
Beth Thompson,Northwe
Beth Thompson,Northwe
Beth Thompson,Northwe
Nicole Hansen,Northwe
Carlos Soltero,Northwe
Carlos Soltero,Northwe
Dorothy Badders,Northwe
Muhammed MacIntyre,Northwe
Muhammed MacIntyre,Northwe
Don Miller,Northwe
Sylvia Foulston,Northwe
Becky Castell,Northwe
Dorothy Wardle,Northwe
Dorothy Wardle,Northwe
Dorothy Wardle,Northwe
Ann Chong,Northwe
Ann Chong,Northwe
Ann Chong,Northwe
Clay Rozendal,Northwe
Grant Carroll,Northwe
Brendan Dodson,Northwe
Carlos Daly,Northwe
Alan Barnes,Northwe
Alan Barnes,Northwe
Alan Barnes,Northwe
Nicole Hansen,Northwe
Cari Schnelling,Northwe
Chad Cunningham,Northwe
Bryan Mills,Northwe
Bryan Mills,Northwe
Adrian Hane,Northwe
Adrian Hane,Northwe
Rick Reed,Northwe
Heather Kirkland,Northwe
Fred Wasserman,Northwe
Becky Castell,Northwe
Becky Castell,Northwe
Beth Thompson,Northwe
Claudia Miner,Northwe
Jack Lebron,Northwe
Alan Barnes,Northwe
Carlos Soltero,Northwe
Clay Rozendal,Northwe
Clay Rozendal,Northwe
Julia West,Northwe
Alan Barnes,Northwe
Joy Bell,Northwe
Joy Bell,Northwe
Joy Bell,Northwe
Jack Lebron,Northwe
Anthony Johnson,Northwe
Anthony Johnson,Northwe
Anthony Johnson,Northwe
Eugene Barchas,Northwe
Eugene Barchas,Northwe
Thomas Seio,Northwe
Bryan Mills,Northwe
Bryan Mills,Northwe
Eugene Barchas,Northwe
Sylvia Foulston,Northwe
Sylvia Foulston,Northwe
Carl Ludwig,Northwe
Julia West,Northwe
Don Jones,Northwe
Mike Pelletier,Northwe
Mike Pelletier,Northwe
Eugene Barchas,Northwe
Ann Chong,Northwe
Ann Chong,Northwe
Charles McCrossin,Northwe
Annie Cyprus,Northwe
Annie Cyprus,Northwe
Carlos Soltero,Northwe
Doug Bickford,Northwe
Carlos Daly,Northwe
Fred Wasserman,Northwe
Fred Wasserman,Northwe
Sylvia Foulston,Northwe
Michelle Lonsdale,Northwe
Sylvia Foulston,Northwe
Sylvia Foulston,Northwe
Sylvia Foulston,Northwe
Sylvia Foulston,Northwe
Charlotte Melton,Northwe
Barry French,Northwe
Heather Kirkland,Northwe
Heather Kirkland,Northwe
Heather Kirkland,Northwe
Henry Goldwyn,Northwe
Frank Price,Northwe
Jim Radford,Northwe
Jim Radford,Northwe
Monica Federle,Northwe
Monica Federle,Northwe
Charles McCrossin,Northwe
Don Miller,Northwe
Jeremy Lonsdale,Northwe
Jeremy Lonsdale,Northwe
Grant Carroll,Northwe
Carl Ludwig,Northwe
Carlos Daly,Northwe
Ralph Knight,Northwe
Cindy Schnelling,Northwe
Claudia Miner,Northwe
Roy Skaria,Northwe
Delfina Latchford,Northwe
Edward Hooks,Northwe
Edward Hooks,Northwe
Don Miller,Northwe
Grant Carroll,Northwe
Grant Carroll,Northwe
Brad Eason,Northwe
Charles McCrossin,Northwe
Charles McCrossin,Northwe
Charles McCrossin,Northwe
Charles McCrossin,Northwe
Bryan Mills,Northwe
Monica Federle,Northwe
Michelle Lonsdale,Northwe
Michelle Lonsdale,Northwe
Michelle Lonsdale,Northwe
Michelle Lonsdale,Northwe
Beth Thompson,Northwe
Cindy Schnelling,Northwe
Cindy Schnelling,Northwe
Nicole Hansen,Northwe
Nicole Hansen,Northwe
Nicole Hansen,Northwe
Cari Schnelling,Northwe
Cari Schnelling,Northwe
Roy Skaria,Northwe
Susan Vittorini,Northwe
Susan Vittorini,Northwe
Sylvia Foulston,Northwe
Sylvia Foulston,Northwe
Chad Cunningham,Northwe
Chad Cunningham,Northwe
Carlos Daly,Northwe
Carlos Daly,Northwe
Grant Carroll,Northwe
Julia West,Northwe
Roy Skaria,Northwe
Cindy Schnelling,Northwe
Don Jones,Northwe
Beth Thompson,Northwe
Beth Thompson,Northwe
Alan Barnes,Northwe
Carl Ludwig,Northwe
Carl Ludwig,Northwe
Carl Ludwig,Northwe
Jamie Kunitz,Northwe
Heather Kirkland,Northwe
Heather Kirkland,Northwe
Heather Kirkland,Northwe
Doug Bickford,Northwe
Doug Bickford,Northwe
Doug Bickford,Northwe
Doug Bickford,Northwe
Carlos Daly,Northwe
Toby Braunhardt,Northwe
Toby Braunhardt,Northwe
Toby Braunhardt,Northwe
Cari Schnelling,Northwe
Thomas Seio,Northwe
Thomas Seio,Northwe
Thomas Seio,Northwe
Brendan Dodson,Northwe
Brendan Dodson,Northwe
Charlotte Melton,Northwe
Beth Thompson,Northwe
Beth Thompson,Northwe
Eugene Barchas,Northwe
Michelle Lonsdale,Northwe
Michelle Lonsdale,Northwe
Grant Carroll,Northwe
Beth Paige,Northwe
Dorothy Wardle,Northwe
Muhammed MacIntyre,Northwe
Charlotte Melton,Northwe
Muhammed MacIntyre,Northwe
Claudia Miner,Northwe
Claudia Miner,Northwe
Claudia Miner,Northwe
Brendan Dodson,Northwe
Dorothy Wardle,Northwe
Mike Pelletier,Northwe
Edward Hooks,Northwe
Edward Hooks,Northwe
Jamie Kunitz,Northwe
Jamie Kunitz,Northwe
Julia West,Northwe
Jeremy Lonsdale,Northwe
Jeremy Lonsdale,Northwe
Jeremy Lonsdale,Northwe
Jeremy Lonsdale,Northwe
Cindy Schnelling,Northwe
Heather Kirkland,Northwe
Alan Barnes,Northwe
Hunter Glantz,Northwe
Hunter Glantz,Northwe
Hunter Glantz,Northwe
Julia West,Northwe
Carlos Daly,Northwe
Barry French,Northwe
Susan Vittorini,Northwe
Carl Jackson,Northwe
Carl Jackson,Northwe
Carl Jackson,Northwe
Alan Barnes,Northwe
Charlotte Melton,Northwe
Beth Thompson,Northwe
Bryan Mills,Northwe
Alan Barnes,Northwe
Alan Barnes,Northwe
Beth Paige,Northwe
Mike Pelletier,Northwe
Delfina Latchford,Northwe
Susan Vittorini,Northwe
Dorothy Wardle,Northwe
Dorothy Wardle,Northwe
Dorothy Wardle,Northwe
Susan Vittorini,Northwe
Jamie Kunitz,Northwe
Fred Wasserman,Northwe
Doug Bickford,Northwe
Fred Wasserman,Northwe
Susan Vittorini,Northwe
Doug Bickford,Northwe
Claudia Miner,Northwe
Claudia Miner,Northwe
Frank Price,Northwe
Frank Price,Northwe
Dorothy Wardle,Northwe
Dorothy Wardle,Northwe
Dorothy Wardle,Northwe
Allen Rosenblatt,Northwe
Dorothy Wardle,Northwe
Julia West,Northwe
Ralph Knight,Northwe
Michelle Lonsdale,Northwe
Charlotte Melton,Northwe
Charlotte Melton,Northwe
Allen Rosenblatt,Northwe
Neola Schneider,Northwe
Neola Schneider,Northwe
Joy Bell,Northwe
Monica Federle,Northwe
Jamie Kunitz,Northwe
Susan Vittorini,Northwe
Susan Vittorini,Northwe
Susan Vittorini,Northwe
Charles McCrossin,Northwe
Cari Schnelling,Northwe
Doug Bickford,Northwe
Don Miller,Northwe
Don Miller,Northwe
Fred Wasserman,Northwe
Bryan Mills,Northwe
Carlos Daly,Northwe
Joy Bell,Northwe
Claudia Miner,Northwe
Claudia Miner,Northwe
Beth Thompson,Northwe
Allen Rosenblatt,Northwe
Beth Thompson,Northwe
Beth Thompson,Northwe
Susan Vittorini,Northwe
Sylvia Foulston,Northwe
Joy Bell,Northwe
Becky Castell,Northwe
Carlos Daly,Northwe
Cari Schnelling,Northwe
Jim Radford,Northwe
Allen Rosenblatt,Northwe
Dorothy Badders,Northwe
Dorothy Badders,Northwe
Mike Pelletier,Northwe
Mike Pelletier,Northwe
Doug Bickford,Northwe
Doug Bickford,Northwe
Susan Vittorini,Northwe
Andrew Gjertsen,Northwe
Muhammed MacIntyre,Northwe
Muhammed MacIntyre,Northwe
Muhammed MacIntyre,Northwe
Muhammed MacIntyre,Northwe
Jim Radford,Northwe
Bryan Davis,Northwe
Anthony Johnson,Northwe
Anthony Johnson,Northwe
Doug Bickford,Northwe
Carlos Daly,Northwe
Don Miller,Northwe
Don Jones,Northwe
Chad Cunningham,Northwe
Ralph Arnett,Northwe
Ralph Arnett,Northwe
Nicole Hansen,Northwe
Fred Wasserman,Northwe
Bryan Mills,Northwe
Ralph Arnett,Northwe
Doug Bickford,Northwe
Eugene Barchas,Northwe
Brad Eason,Northwe
Brad Eason,Northwe
Dorothy Wardle,Northwe
Ralph Knight,Northwe
Sylvia Foulston,Northwe
Neola Schneider,Northwe
Neola Schneider,Northwe
Grant Carroll,Northwe
Grant Carroll,Prince
Grant Carroll,Prince
Julia West,Prince
Muhammed MacIntyre,Prince
Susan Vittorini,Prince
Sylvia Foulston,Prince
Doug Bickford,Prince
Doug Bickford,Prince
Doug Bickford,Prince
Dorothy Badders,Prince
Henry Goldwyn,Prince
Henry Goldwyn,Prince
Henry Goldwyn,Prince
Grant Carroll,Prince
Chad Cunningham,Prince
Beth Thompson,Prince
Beth Thompson,Prince
Andrew Gjertsen,Prince
Andrew Gjertsen,Prince
Sylvia Foulston,Prince
Michelle Lonsdale,Prince
Michelle Lonsdale,Prince
Cari Schnelling,Prince
Henry Goldwyn,Prince
Edward Hooks,Prince
Brendan Dodson,Prince
Brendan Dodson,Prince
Harold Engle,Prince
Roy French,Prince
Helen Abelman,Prince
Guy Armstrong,Prince
Jennifer Braxton,Prince
Giulietta Baptist,Prince
Jack Lebron,Prince
Jack Lebron,Prince
Erica Bern,Prince
Erica Bern,Prince
Helen Abelman,Prince
Guy Armstrong,Prince
Helen Abelman,Prince
Christopher Schild,Prince
Roy French,Prince
Roy French,Prince
Jennifer Braxton,Prince
Jennifer Braxton,Prince
Joy Smith,Prince
Evan Minnotte,Prince
Evan Minnotte,Prince
Jenna Caffey,Prince
Harold Engle,Prince
Harold Engle,Prince
Harold Engle,Prince
Harold Engle,Prince
Hilary Holden,Prince
Hilary Holden,Prince
Hilary Holden,Prince
Hilary Holden,Prince
Christopher Schild,Prince
Harold Engle,Prince
Greg Guthrie,Prince
Greg Guthrie,Prince
Greg Guthrie,Prince
Greg Guthrie,Prince
Guy Armstrong,Prince
Guy Armstrong,Prince
Joy Smith,Prince
Joy Smith,Prince
Erica Bern,Prince
Erica Bern,Prince
Dan Reichenbach,Prince
Erica Bern,Prince
Guy Armstrong,Prince
Guy Armstrong,Prince
Evan Minnotte,Prince
Joy Smith,Prince
Joy Smith,Prince
Joy Smith,Prince
Paul Gonzalez,Prince
Filia McAdams,Prince
Joy Smith,Prince
Greg Guthrie,Prince
Greg Guthrie,Prince
Joy Smith,Prince
Joy Smith,Prince
Greg Guthrie,Prince
Greg Guthrie,Prince
Jack Lebron,Prince
Joy Smith,Prince
Evan Minnotte,Prince
Chuck Magee,Prince
Chuck Magee,Prince
Filia McAdams,Prince
Jack Lebron,Prince
Jack Lebron,Prince
Jack Lebron,Prince
Harold Engle,Prince
Harold Engle,Prince
Jack Lebron,Prince
Jack Lebron,Prince
Frank Atkinson,Prince
Frank Atkinson,Prince
Jack Lebron,Prince
Jack Lebron,Prince
Evan Minnotte,Prince
Dan Reichenbach,Prince
Jack Lebron,Prince
Frank Atkinson,Prince
Frank Atkinson,Prince
Erica Bern,Prince
Jack Lebron,Prince
Filia McAdams,Prince
Jack Lebron,Prince
Jack Lebron,Prince
Giulietta Baptist,Prince
Joy Smith,Prince
Joy Smith,Prince
Joy Smith,Prince
Greg Guthrie,Prince
Carlos Soltero,Prince
Carlos Soltero,Prince
Harold Engle,Prince
Erica Bern,Prince
Erica Bern,Prince
Hilary Holden,Prince
Hilary Holden,Prince
Jack Lebron,Prince
Filia McAdams,Prince
Filia McAdams,Prince
Greg Guthrie,Prince
Greg Guthrie,Prince
Harold Engle,Prince
Philip Brown,Prince
Helen Abelman,Prince
Hilary Holden,Prince
Hilary Holden,Prince
Christopher Schild,Prince
Carlos Soltero,Prince
Carlos Soltero,Prince
Erica Bern,Prince
Erica Bern,Prince
Erica Bern,Prince
Erica Bern,Prince
Joy Smith,Prince
Joy Smith,Prince
Christopher Schild,Prince
Christopher Schild,Prince
Christopher Schild,Prince
Christopher Schild,Prince
Evan Minnotte,Prince
Christopher Schild,Prince
Greg Guthrie,Prince
Harold Engle,Prince
Philip Brown,Prince
Carlos Soltero,Prince
Jennifer Braxton,Prince
Dan Reichenbach,Prince
Dan Reichenbach,Prince
Dan Reichenbach,Prince
Carlos Soltero,Prince
Carlos Soltero,Prince
Carlos Soltero,Prince
Giulietta Baptist,Prince
Jack Lebron,Prince
Guy Armstrong,Prince
Hilary Holden,Prince
Jack Lebron,Prince
Erica Bern,Prince
Erica Bern,Prince
Harold Engle,Prince
Harold Engle,Prince
Jim Sink,Prince
Jennifer Braxton,Prince
Jennifer Braxton,Prince
Jennifer Braxton,Prince
Joy Smith,Prince
Joy Smith,Prince
Harold Engle,Prince
Philip Brown,Prince
Philip Brown,Prince
Philip Brown,Prince
Giulietta Baptist,Prince
Giulietta Baptist,Prince
Paul Gonzalez,Prince
Logan Haushalter,Prince
Logan Haushalter,Prince
Filia McAdams,Prince
Carlos Soltero,Prince
Carlos Soltero,Prince
Erica Bern,Prince
Erica Bern,Prince
Greg Guthrie,Prince
Dan Reichenbach,Prince
Jim Sink,Prince
Jim Sink,Prince
Carlos Soltero,Prince
Carlos Soltero,Prince
Carlos Soltero,Prince
Chuck Magee,Prince
Philip Brown,Prince
Hilary Holden,Prince
Hilary Holden,Prince
Hilary Holden,Prince
Hilary Holden,Prince
Greg Guthrie,Prince
Jennifer Braxton,Prince
Jennifer Braxton,Prince
Erica Bern,Prince
Jim Sink,Prince
Noah Childs,Prince
Noah Childs,Manitob
Noah Childs,Manitob
Evan Minnotte,Manitob
Guy Armstrong,Manitob
Guy Armstrong,Manitob
Guy Armstrong,Manitob
Chuck Magee,Manitob
Greg Guthrie,Manitob
Greg Guthrie,Manitob
Carlos Soltero,Manitob
Greg Guthrie,Manitob
Greg Guthrie,Manitob
Greg Guthrie,Manitob
Carlos Soltero,Manitob
Carlos Soltero,Manitob
Greg Guthrie,Manitob
Greg Guthrie,Manitob
Christopher Schild,Manitob
Joy Smith,Manitob
Joy Smith,Manitob
Joy Smith,Manitob
Joy Smith,Manitob
Joy Smith,Manitob
Joy Smith,Manitob
Joy Smith,Manitob
Guy Armstrong,Manitob
Brian Moss,Manitob
Brian Moss,Manitob
Logan Haushalter,Manitob
Guy Armstrong,Manitob
Guy Armstrong,Manitob
Guy Armstrong,Manitob
Christopher Schild,Manitob
Jim Sink,Manitob
Carlos Soltero,Manitob
Jennifer Braxton,Manitob
Brian Moss,Manitob
Harold Engle,Manitob
Harold Engle,Manitob
Carlos Soltero,Manitob
Hilary Holden,Manitob
Hilary Holden,Manitob
Logan Haushalter,Manitob
Guy Armstrong,Manitob
Erica Bern,Manitob
Logan Haushalter,Manitob
Logan Haushalter,Manitob
Harold Engle,Manitob
Christopher Schild,Manitob
Helen Abelman,Manitob
Helen Abelman,Manitob
Jack Lebron,British
Jack Lebron,British
Jack Lebron,British
Giulietta Baptist,British
Giulietta Baptist,British
Jim Sink,British
Julie Creighton,British
Julie Creighton,British
Sanjit Chand,British
Matt Collins,British
Matt Collins,British
Matt Collins,British
Matt Collins,British
Justin Knight,British
Rob Haberlin,British
Rob Haberlin,British
Rob Haberlin,British
Rob Haberlin,British
Rob Haberlin,British
Christina Vanderza,British
Christina Vanderza,British
Matt Collins,British
Matt Collins,British
Sanjit Chand,British
Matt Collins,British
Justin Knight,British
Justin Knight,British
Rob Haberlin,British
Lena Cacioppo,British
Lena Cacioppo,British
Kimberly Carter,British
Gene Hale,British
Christina Vanderza,British
Matt Collins,British
Sally Knutson,British
Kimberly Carter,British
Christina Vanderza,British
Christina Vanderza,British
Kimberly Carter,British
Kimberly Carter,British
Rob Haberlin,British
Rob Haberlin,British
Rob Haberlin,British
Justin Knight,British
Justin Knight,British
Justin Knight,British
Christina Vanderza,British
Marina Lichtenstei,British
Marina Lichtenstei,British
Justin Knight,British
Justin Knight,British
Gene Hale,British
Gene Hale,British
Gene Hale,British
Rob Haberlin,British
Gene Hale,British
Gene Hale,British
Michelle Arnett,British
Sally Knutson,British
Rob Haberlin,British
Justin Knight,British
Justin Knight,British
Justin Knight,British
Lena Cacioppo,British
Seth Vernon,British
Seth Vernon,British
Seth Vernon,British
Gene Hale,British
Luke Weiss,British
Justin Knight,British
Julie Creighton,British
Sanjit Chand,British
Justin Knight,British
Justin Knight,British
Justin Knight,British
Justin Knight,British
Justin Knight,British
Justin Knight,British
Luke Weiss,British
Luke Weiss,British
Christina Vanderza,British
Christina Vanderza,British
Lena Cacioppo,British
Seth Vernon,British
Sanjit Chand,British
Sanjit Chand,British
Julie Creighton,British
Sanjit Chand,British
Sanjit Chand,British
Sanjit Chand,British
Anthony Johnson,British
Anthony Johnson,British
Kimberly Carter,British
Kimberly Carter,British
Marina Lichtenstei,British
Sanjit Chand,British
Sally Knutson,British
Sally Knutson,British
Luke Weiss,British
Anthony Johnson,British
Michelle Arnett,British
Luke Weiss,British
Luke Weiss,British
Luke Weiss,British
Luke Weiss,British
Rob Haberlin,British
Julie Creighton,British
Julie Creighton,British
Justin Knight,British
Sally Knutson,British
Sally Knutson,British
Sally Knutson,British
Michelle Arnett,British
Michelle Arnett,British
Julie Creighton,British
Sally Knutson,British
Sally Knutson,British
Sally Knutson,British
Sally Knutson,British
Kimberly Carter,British
Rob Haberlin,British
Rob Haberlin,British
Sally Knutson,British
Sally Knutson,British
Marina Lichtenstei,British
Christina DeMoss,British
Christina DeMoss,British
Luke Weiss,British
Sally Knutson,British
Michelle Arnett,British
Michelle Arnett,British
Sanjit Chand,British
Anthony Johnson,British
Anthony Johnson,British
Anthony Johnson,British
Luke Weiss,British
Luke Weiss,British
Rob Haberlin,British
Monica Federle,British
Monica Federle,British
Kimberly Carter,British
Michelle Arnett,British
Michelle Arnett,British
Sanjit Chand,British
Sanjit Chand,British
Marina Lichtenstei,British
Joy Smith,British
Christina DeMoss,British
Monica Federle,British
Monica Federle,British
Michelle Arnett,British
Michelle Arnett,British
Michelle Arnett,British
Michelle Arnett,British
Michelle Arnett,British
Michelle Arnett,British
Sally Knutson,British
Sally Knutson,British
Christina DeMoss,British
Joy Smith,British
Joy Smith,British
Sonia Sunley,British
Anthony O'Donnell,British
Anthony O'Donnell,British
Emily Grady,British
Emily Grady,British
Alex Avila,British
Alex Avila,British
Alex Avila,British
Brian Moss,British
Emily Grady,British
Emily Grady,British
Anna Andreadi,British
Anna Andreadi,British
Emily Grady,British
Barbara Fisher,British
Barbara Fisher,British
Emily Grady,British
Kelly Williams,British
Sonia Sunley,British
Sonia Sunley,British
Sonia Sunley,British
Sonia Sunley,British
Sonia Sunley,British
Sonia Sunley,British
Jocasta Rupert,British
Sonia Sunley,British
Kelly Williams,British
Anna Andreadi,British
Rick Duston,British
Sonia Sunley,British
Angele Hood,British
Sonia Sunley,British
Sonia Sunley,British
Sonia Sunley,British
Sonia Sunley,British
Sonia Sunley,British
Dennis Bolton,British
Stewart Carmichael,British
Dennis Bolton,British
Sonia Sunley,British
Sonia Sunley,British
Stewart Carmichael,British
Kelly Williams,British
Sonia Sunley,British
Kelly Williams,British
Sonia Sunley,British
Sonia Sunley,British
Sonia Sunley,British
Sonia Sunley,British
Sonia Sunley,British
Anna Andreadi,British
Seth Vernon,British
Seth Vernon,British
Seth Vernon,British
Alex Avila,British
Sarah Foster,British
Alex Avila,British
Alex Avila,British
Anna Andreadi,British
Angele Hood,British
Sonia Sunley,British
Kelly Williams,British
Anna Andreadi,British
Alex Avila,British
Roy Skaria,British
Angele Hood,British
Seth Vernon,British
Seth Vernon,British
Sarah Foster,British
Kelly Williams,British
Dennis Bolton,British
Dennis Bolton,British
Roy Skaria,British
Jim Karlsson,British
Jim Karlsson,British
Barbara Fisher,British
Anna Andreadi,British
Seth Vernon,British
Alex Avila,British
Alex Avila,British
Alex Avila,British
Sonia Sunley,British
Lisa DeCherney,British
Dennis Bolton,British
Anthony O'Donnell,British
Barbara Fisher,British
Barbara Fisher,British
Barbara Fisher,British
Barbara Fisher,British
Barbara Fisher,British
Dennis Bolton,British
Lisa DeCherney,British
Sarah Foster,British
Sarah Foster,British
Sarah Foster,British
Anna Andreadi,British
Roy Skaria,British
Roy Skaria,British
Roy Skaria,British
Dennis Bolton,British
Alex Avila,British
Roy Skaria,British
Seth Vernon,British
Barbara Fisher,British
Barbara Fisher,British
Peter Buhler,British
